{
  "version": "1.0",
  "defaultProvider": "cdnjs",
  "libraries": [
    {
      "library": "jquery@3.3.1",
      "destination": "wwwroot/lib/jquery/"
    },
    {
      "library": "twitter-bootstrap@4.4.1",
      "destination": "wwwroot/lib/twitter-bootstrap/"
    },
    {
      "library": "popper.js@1.16.1",
      "destination": "wwwroot/lib/popper.js/"
    },
    {
      "library": "jquery-validate@1.19.1",
      "destination": "wwwroot/lib/jquery-validate/"
    },
    {
      "library": "jquery-validation-unobtrusive@3.2.11",
      "destination": "wwwroot/lib/jquery-validation-unobtrusive/"
    },
    {
      "library": "font-awesome@5.11.2",
      "destination": "wwwroot/lib/font-awesome/"
    }
  ]
}